hash-threshold 100

statement ok
INSERT INTO foo (xt__id) VALUES (1), (2)

statement ok
INSERT INTO bar (xt__id) VALUES (3)

query I
SELECT 4 FROM foo
----
4
4

query I
SELECT (SELECT foo.xt__id FROM bar) FROM foo
----
1
2
